signal_id,par,direcao,preco_entrada,preco_saida,quantity,lucro_percentual,pnl_realizado,resultado,timestamp,timestamp_saida,estado,strategy_name,contributing_indicators,localizadores,motivos,timeframe,aceito,parametros,quality_score
52b23de9-0f65-42e2-a900-be8d866042c7,DOGEUSDT,SHORT,0.15973,0.15534,62.605647029362046,2.7483879045889967,2.7483879045889967,TP,2025-04-15 05:40:13,2025-04-15 15:59:58,fechado,Robo 00,SMA;EMA;RSI;MACD;ADX;Volume;Bollinger;Estocastico;VWAP;OBV;Fibonacci;Sentimento;Swing Trade Composite,"{""EMA12>EMA50"": ""false"", ""RSI Sobrevendido"": ""false"", ""MACD Cruzamento Alta"": ""false"", ""Swing_Trade_Composite_LONG"": ""false"", ""Swing_Trade_Composite_SHORT"": ""true"", ""ML_Confidence"": 0.5}",Ordem gerada com base em indicadores reais,1h,True,"{""tp_percent"": 2.0, ""sl_percent"": 1.0, ""leverage"": 22}",0.5
ce9c58c3-8d1c-478c-bd22-37e03caf774e,TRXUSDT,LONG,0.2515,0.2482,39.761431411530815,-1.312127236580516,-1.312127236580516,SL,2025-04-15 05:40:14,2025-04-15 11:46:03,fechado,ROBOT 1 LEO,SMA;EMA;RSI;MACD;Swing Trade Composite,"{""EMA12>EMA50"": ""true"", ""RSI Sobrevendido"": ""false"", ""MACD Cruzamento Alta"": ""false"", ""Swing_Trade_Composite_LONG"": ""false"", ""Swing_Trade_Composite_SHORT"": ""true"", ""ML_Confidence"": 0.5}",Ordem gerada com base em indicadores reais,1h,True,"{""tp_percent"": 2.0, ""sl_percent"": 1.0, ""leverage"": 22}",0.5
f53d40c5-d10f-4999-bdaa-cc9ac7ce5f23,XRPUSDT,LONG,2.1492,2.1787,4.652894100130281,1.3726037595384366,1.3726037595384366,TP,2025-04-15 05:40:15,2025-04-15 06:17:23,fechado,robo do um porcento ,SMA;EMA;RSI;MACD;ADX;Volume;Bollinger;Estocastico;VWAP;OBV;Fibonacci;Sentimento,"{""EMA12>EMA50"": ""true"", ""RSI Sobrevendido"": ""false"", ""MACD Cruzamento Alta"": ""false"", ""Swing_Trade_Composite_LONG"": ""false"", ""Swing_Trade_Composite_SHORT"": ""false"", ""ML_Confidence"": 0.5}",Ordem gerada com base em indicadores reais,1h,True,"{""tp_percent"": 1.1, ""sl_percent"": 0.8, ""leverage"": 20}",0.5
34f71e11-2b8d-4339-8133-4994b33b5363,XRPUSDT,LONG,2.1492,2.118,4.652894100130281,-1.4517029592406532,-1.4517029592406532,SL,2025-04-15 05:40:17,2025-04-15 15:59:58,fechado,ultima 10,SMA;EMA;RSI;MACD;ADX;Volume;Bollinger;Estocastico;VWAP;OBV;Fibonacci;Sentimento;Swing Trade Composite,"{""EMA12>EMA50"": ""true"", ""RSI Sobrevendido"": ""false"", ""MACD Cruzamento Alta"": ""false"", ""Swing_Trade_Composite_LONG"": ""true"", ""Swing_Trade_Composite_SHORT"": ""false"", ""ML_Confidence"": 0.69}",Ordem gerada com base em indicadores reais,1h,True,"{""tp_percent"": 2.5, ""sl_percent"": 1.0, ""leverage"": 22}",0.5
0ad54340-39a2-4139-8fd4-74ebef4ffbb0,XRPUSDT,LONG,2.1508,2.118,4.649432769202158,-1.525013948298305,-1.525013948298305,SL,2025-04-15 05:42:47,2025-04-15 15:59:58,fechado,ROBOT 1 LEO,SMA;EMA;RSI;MACD;Swing Trade Composite,"{""EMA12>EMA50"": ""true"", ""RSI Sobrevendido"": ""false"", ""MACD Cruzamento Alta"": ""false"", ""Swing_Trade_Composite_LONG"": ""true"", ""Swing_Trade_Composite_SHORT"": ""false"", ""ML_Confidence"": 0.5}",Ordem gerada com base em indicadores reais,1h,True,"{""tp_percent"": 2.0, ""sl_percent"": 1.0, ""leverage"": 22}",0.5
63d96c65-8d68-4126-80fc-7323941f45c8,DOGEUSDT,LONG,0.15964,0.15757,62.64094211976948,-1.2966675018792384,-1.2966675018792384,SL,2025-04-15 05:42:48,2025-04-15 11:46:03,fechado,robo do um porcento ,SMA;EMA;RSI;MACD;ADX;Volume;Bollinger;Estocastico;VWAP;OBV;Fibonacci;Sentimento,"{""EMA12>EMA50"": ""true"", ""RSI Sobrevendido"": ""false"", ""MACD Cruzamento Alta"": ""false"", ""Swing_Trade_Composite_LONG"": ""false"", ""Swing_Trade_Composite_SHORT"": ""false"", ""ML_Confidence"": 0.5}",Ordem gerada com base em indicadores reais,4h,True,"{""tp_percent"": 1.1, ""sl_percent"": 0.8, ""leverage"": 20}",0.5
cbe6e8d3-abad-45e1-9194-3055e317dfa4,TRXUSDT,LONG,0.2516,0.2482,39.7456279809221,-1.351351351351346,-1.351351351351346,SL,2025-04-15 05:42:50,2025-04-15 11:46:03,fechado,ultima 10,SMA;EMA;RSI;MACD;ADX;Volume;Bollinger;Estocastico;VWAP;OBV;Fibonacci;Sentimento;Swing Trade Composite,"{""EMA12>EMA50"": ""true"", ""RSI Sobrevendido"": ""false"", ""MACD Cruzamento Alta"": ""false"", ""Swing_Trade_Composite_LONG"": ""false"", ""Swing_Trade_Composite_SHORT"": ""true"", ""ML_Confidence"": 0.69}",Ordem gerada com base em indicadores reais,1h,True,"{""tp_percent"": 2.5, ""sl_percent"": 1.0, ""leverage"": 22}",0.5
84d2bcbc-0454-43d4-8311-1d0ff608a347,DOGEUSDT,SHORT,0.15966,0.15534,62.63309532757109,2.705749718151065,2.705749718151065,TP,2025-04-15 05:54:37,2025-04-15 15:59:58,fechado,ROBOT 1 LEO,SMA;EMA;RSI;MACD;Swing Trade Composite,"{""EMA12>EMA50"": ""false"", ""RSI Sobrevendido"": ""false"", ""MACD Cruzamento Alta"": ""false"", ""Swing_Trade_Composite_LONG"": ""false"", ""Swing_Trade_Composite_SHORT"": ""true"", ""ML_Confidence"": 0.5}",Ordem gerada com base em indicadores reais,1h,True,"{""tp_percent"": 2.0, ""sl_percent"": 1.0, ""leverage"": 22}",0.5
50c5d748-1f10-4f5d-8494-286ce957a3c1,DOGEUSDT,LONG,0.15969,0.15757,62.62132882459766,-1.327572171081477,-1.327572171081477,SL,2025-04-15 05:55:12,2025-04-15 11:46:03,fechado,robo do um porcento ,SMA;EMA;RSI;MACD;ADX;Volume;Bollinger;Estocastico;VWAP;OBV;Fibonacci;Sentimento,"{""EMA12>EMA50"": ""true"", ""RSI Sobrevendido"": ""false"", ""MACD Cruzamento Alta"": ""false"", ""Swing_Trade_Composite_LONG"": ""false"", ""Swing_Trade_Composite_SHORT"": ""false"", ""ML_Confidence"": 0.5}",Ordem gerada com base em indicadores reais,5m,True,"{""tp_percent"": 1.1, ""sl_percent"": 0.8, ""leverage"": 20}",0.5
280ba9eb-9e03-4871-a72c-4e3ad3218a4d,TRXUSDT,LONG,0.2516,0.2482,39.7456279809221,-1.351351351351346,-1.351351351351346,SL,2025-04-15 05:55:14,2025-04-15 11:46:03,fechado,ultima 10,SMA;EMA;RSI;MACD;ADX;Volume;Bollinger;Estocastico;VWAP;OBV;Fibonacci;Sentimento;Swing Trade Composite,"{""EMA12>EMA50"": ""true"", ""RSI Sobrevendido"": ""false"", ""MACD Cruzamento Alta"": ""false"", ""Swing_Trade_Composite_LONG"": ""true"", ""Swing_Trade_Composite_SHORT"": ""false"", ""ML_Confidence"": 0.69}",Ordem gerada com base em indicadores reais,4h,True,"{""tp_percent"": 2.5, ""sl_percent"": 1.0, ""leverage"": 22}",0.5
96d94a18-e97e-4b81-8e29-70d34bdaae40,TRXUSDT,LONG,0.2522,0.2482,39.65107057890563,-1.5860428231562158,-1.5860428231562158,SL,2025-04-15 06:17:24,2025-04-15 11:46:03,fechado,ROBOT 1 LEO,SMA;EMA;RSI;MACD;Swing Trade Composite,"{""EMA12>EMA50"": ""true"", ""RSI Sobrevendido"": ""false"", ""MACD Cruzamento Alta"": ""false"", ""Swing_Trade_Composite_LONG"": ""true"", ""Swing_Trade_Composite_SHORT"": ""false"", ""ML_Confidence"": 0.5}",Ordem gerada com base em indicadores reais,4h,True,"{""tp_percent"": 2.0, ""sl_percent"": 1.0, ""leverage"": 22}",0.5
7b30d946-8910-4883-893b-17c02e978e88,DOGEUSDT,LONG,0.1576,0.15534,63.45177664974619,-1.434010152284254,-1.434010152284254,SL,2025-04-15 11:46:05,2025-04-15 15:59:58,fechado,ROBOT 1 LEO,SMA;EMA;RSI;MACD;Swing Trade Composite,"{""EMA12>EMA50"": ""true"", ""RSI Sobrevendido"": ""false"", ""MACD Cruzamento Alta"": ""false"", ""Swing_Trade_Composite_LONG"": ""false"", ""Swing_Trade_Composite_SHORT"": ""true"", ""ML_Confidence"": 0.5}",Ordem gerada com base em indicadores reais,4h,True,"{""tp_percent"": 2.0, ""sl_percent"": 1.0, ""leverage"": 22}",0.5
7a5e1979-8452-40a7-9cd7-bf84218f631b,XRPUSDT,LONG,2.1543,2.118,4.641879032632409,-1.685002088845575,-1.685002088845575,SL,2025-04-15 11:46:06,2025-04-15 15:59:58,fechado,robo do um porcento ,SMA;EMA;RSI;MACD;ADX;Volume;Bollinger;Estocastico;VWAP;OBV;Fibonacci;Sentimento,"{""EMA12>EMA50"": ""true"", ""RSI Sobrevendido"": ""false"", ""MACD Cruzamento Alta"": ""false"", ""Swing_Trade_Composite_LONG"": ""false"", ""Swing_Trade_Composite_SHORT"": ""false"", ""ML_Confidence"": 0.5}",Ordem gerada com base em indicadores reais,1h,True,"{""tp_percent"": 1.1, ""sl_percent"": 0.8, ""leverage"": 20}",0.5
25c19ca0-346c-4385-9e69-8317de11c682,DOGEUSDT,SHORT,0.15761,,63.447750777234944,,,,2025-04-15 11:46:08,,aberto,ultima 10,SMA;EMA;RSI;MACD;ADX;Volume;Bollinger;Estocastico;VWAP;OBV;Fibonacci;Sentimento;Swing Trade Composite,"{""EMA12>EMA50"": ""false"", ""RSI Sobrevendido"": ""false"", ""MACD Cruzamento Alta"": ""false"", ""Swing_Trade_Composite_LONG"": ""false"", ""Swing_Trade_Composite_SHORT"": ""true"", ""ML_Confidence"": 0.69}",Ordem gerada com base em indicadores reais,1h,True,"{""tp_percent"": 2.5, ""sl_percent"": 1.0, ""leverage"": 22}",0.5
97fd2693-4acb-487c-85a2-ad425182fe6f,XRPUSDT,LONG,2.1181,,4.721212407346206,,,,2025-04-15 16:00:00,,aberto,ROBOT 1 LEO,SMA;EMA;RSI;MACD;Swing Trade Composite,"{""EMA12>EMA50"": ""true"", ""RSI Sobrevendido"": ""false"", ""MACD Cruzamento Alta"": ""false"", ""Swing_Trade_Composite_LONG"": ""false"", ""Swing_Trade_Composite_SHORT"": ""true"", ""ML_Confidence"": 0.5}",Ordem gerada com base em indicadores reais,1h,True,"{""tp_percent"": 2.0, ""sl_percent"": 1.0, ""leverage"": 22}",0.5
69c523dc-c4e1-4125-9fe5-b78d2435c38e,TRXUSDT,LONG,0.2505,,39.920159680638726,,,,2025-04-15 16:00:03,,aberto,robo do um porcento ,SMA;EMA;RSI;MACD;ADX;Volume;Bollinger;Estocastico;VWAP;OBV;Fibonacci;Sentimento,"{""EMA12>EMA50"": ""false"", ""RSI Sobrevendido"": ""false"", ""MACD Cruzamento Alta"": ""true"", ""Swing_Trade_Composite_LONG"": ""false"", ""Swing_Trade_Composite_SHORT"": ""false"", ""ML_Confidence"": 0.5}",Ordem gerada com base em indicadores reais,1h,True,"{""tp_percent"": 1.1, ""sl_percent"": 0.8, ""leverage"": 20}",0.5
706c19be-09c2-4f3c-b8dc-b96a995cf035,DOGEUSDT,SHORT,0.1553,,64.39150032195751,,,,2025-04-15 16:00:07,,aberto,ultima 10,SMA;EMA;RSI;MACD;ADX;Volume;Bollinger;Estocastico;VWAP;OBV;Fibonacci;Sentimento;Swing Trade Composite,"{""EMA12>EMA50"": ""false"", ""RSI Sobrevendido"": ""false"", ""MACD Cruzamento Alta"": ""false"", ""Swing_Trade_Composite_LONG"": ""false"", ""Swing_Trade_Composite_SHORT"": ""true"", ""ML_Confidence"": 0.69}",Ordem gerada com base em indicadores reais,4h,True,"{""tp_percent"": 2.5, ""sl_percent"": 1.0, ""leverage"": 22}",0.5
03e19c96-e957-4955-a054-11f6a78b537d,TRXUSDT,LONG,0.2505,,39.920159680638726,,,,2025-04-15 16:14:33,,aberto,ROBOT 1 LEO,SMA;EMA;RSI;MACD;Swing Trade Composite,"{""EMA12>EMA50"": ""false"", ""RSI Sobrevendido"": ""false"", ""MACD Cruzamento Alta"": ""true"", ""Swing_Trade_Composite_LONG"": ""true"", ""Swing_Trade_Composite_SHORT"": ""false"", ""ML_Confidence"": 0.5}",Ordem gerada com base em indicadores reais,1h,True,"{""tp_percent"": 2.0, ""sl_percent"": 1.0, ""leverage"": 22}",0.5
e98fb70a-895d-40f1-95bd-041901495c30,TRXUSDT,LONG,0.2505,,39.920159680638726,,,,2025-04-15 16:14:35,,aberto,robo do um porcento ,SMA;EMA;RSI;MACD;ADX;Volume;Bollinger;Estocastico;VWAP;OBV;Fibonacci;Sentimento,"{""EMA12>EMA50"": ""true"", ""RSI Sobrevendido"": ""false"", ""MACD Cruzamento Alta"": ""false"", ""Swing_Trade_Composite_LONG"": ""false"", ""Swing_Trade_Composite_SHORT"": ""false"", ""ML_Confidence"": 0.5}",Ordem gerada com base em indicadores reais,4h,True,"{""tp_percent"": 1.1, ""sl_percent"": 0.8, ""leverage"": 20}",0.5
4befa3d4-dee9-4bc4-817d-6d1654727fa8,XRPUSDT,SHORT,2.1265,,4.702562896778744,,,,2025-04-15 16:14:37,,aberto,ultima 10,SMA;EMA;RSI;MACD;ADX;Volume;Bollinger;Estocastico;VWAP;OBV;Fibonacci;Sentimento;Swing Trade Composite,"{""EMA12>EMA50"": ""false"", ""RSI Sobrevendido"": ""false"", ""MACD Cruzamento Alta"": ""false"", ""Swing_Trade_Composite_LONG"": ""false"", ""Swing_Trade_Composite_SHORT"": ""true"", ""ML_Confidence"": 0.69}",Ordem gerada com base em indicadores reais,1h,True,"{""tp_percent"": 2.5, ""sl_percent"": 1.0, ""leverage"": 22}",0.5
df0d51dc-3f8d-4786-8c45-3693095875b3,XRPUSDT,SHORT,2.1262,,4.703226413319538,,,,2025-04-15 16:14:49,,aberto,ROBOT 1 LEO,SMA;EMA;RSI;MACD;Swing Trade Composite,"{""EMA12>EMA50"": ""false"", ""RSI Sobrevendido"": ""false"", ""MACD Cruzamento Alta"": ""false"", ""Swing_Trade_Composite_LONG"": ""false"", ""Swing_Trade_Composite_SHORT"": ""true"", ""ML_Confidence"": 0.5}",Ordem gerada com base em indicadores reais,1h,True,"{""tp_percent"": 2.0, ""sl_percent"": 1.0, ""leverage"": 22}",0.5
adcb5682-6c21-442c-8c55-ddc0f90d2e85,TRXUSDT,LONG,0.2505,,39.920159680638726,,,,2025-04-15 16:15:23,,aberto,robo do um porcento ,SMA;EMA;RSI;MACD;ADX;Volume;Bollinger;Estocastico;VWAP;OBV;Fibonacci;Sentimento,"{""EMA12>EMA50"": ""true"", ""RSI Sobrevendido"": ""false"", ""MACD Cruzamento Alta"": ""false"", ""Swing_Trade_Composite_LONG"": ""false"", ""Swing_Trade_Composite_SHORT"": ""false"", ""ML_Confidence"": 0.5}",Ordem gerada com base em indicadores reais,1m,True,"{""tp_percent"": 1.1, ""sl_percent"": 0.8, ""leverage"": 20}",0.5
c5398654-3ca6-47ee-921f-a04778c385c1,XRPUSDT,LONG,2.1255,2.1016,4.704775346977182,-1.1244413079275584,-1.1244413079275584,SL,2025-04-15 16:15:25,2025-04-15 17:55:44,fechado,ultima 10,SMA;EMA;RSI;MACD;ADX;Volume;Bollinger;Estocastico;VWAP;OBV;Fibonacci;Sentimento;Swing Trade Composite,"{""EMA12>EMA50"": ""true"", ""RSI Sobrevendido"": ""false"", ""MACD Cruzamento Alta"": ""false"", ""Swing_Trade_Composite_LONG"": ""false"", ""Swing_Trade_Composite_SHORT"": ""true"", ""ML_Confidence"": 0.69}",Ordem gerada com base em indicadores reais,4h,True,"{""tp_percent"": 2.5, ""sl_percent"": 1.0, ""leverage"": 22}",0.5
d5d1c5a1-fdfe-43bf-a142-094de41b2e96,TRXUSDT,LONG,0.2509,,39.856516540454365,,,,2025-04-15 16:59:20,,aberto,Robo 00,SMA;EMA;RSI;MACD;ADX;Volume;Bollinger;Estocastico;VWAP;OBV;Fibonacci;Sentimento;Swing Trade Composite,"{""EMA12>EMA50"": ""false"", ""RSI Sobrevendido"": ""false"", ""MACD Cruzamento Alta"": ""true"", ""Swing_Trade_Composite_LONG"": ""true"", ""Swing_Trade_Composite_SHORT"": ""false"", ""ML_Confidence"": 0.5}",Ordem gerada com base em indicadores reais,1h,True,"{""tp_percent"": 2.0, ""sl_percent"": 1.0, ""leverage"": 22}",0.5
1c96b3e8-bc85-4673-b9ef-1ff5062d9211,DOGEUSDT,SHORT,0.15505,,64.49532408900355,,,,2025-04-15 16:59:21,,aberto,ROBOT 1 LEO,SMA;EMA;RSI;MACD;Swing Trade Composite,"{""EMA12>EMA50"": ""false"", ""RSI Sobrevendido"": ""false"", ""MACD Cruzamento Alta"": ""false"", ""Swing_Trade_Composite_LONG"": ""false"", ""Swing_Trade_Composite_SHORT"": ""true"", ""ML_Confidence"": 0.5}",Ordem gerada com base em indicadores reais,1h,True,"{""tp_percent"": 2.0, ""sl_percent"": 1.0, ""leverage"": 22}",0.5
6bb91981-c529-4a1c-9493-0216ef109fb1,TRXUSDT,LONG,0.2507,,39.888312724371765,,,,2025-04-15 17:55:46,,aberto,Robo 00,SMA;EMA;RSI;MACD;ADX;Volume;Bollinger;Estocastico;VWAP;OBV;Fibonacci;Sentimento;Swing Trade Composite,"{""EMA12>EMA50"": ""true"", ""RSI Sobrevendido"": ""false"", ""MACD Cruzamento Alta"": ""false"", ""Swing_Trade_Composite_LONG"": ""false"", ""Swing_Trade_Composite_SHORT"": ""true"", ""ML_Confidence"": 0.5}",Ordem gerada com base em indicadores reais,4h,True,"{""tp_percent"": 2.0, ""sl_percent"": 1.0, ""leverage"": 22}",0.5
d0fc407f-5011-45d8-9434-04eb130835d7,XRPUSDT,SHORT,2.1221,,4.712313274586494,,,,2025-04-15 18:40:01,,aberto,Robo 00,SMA;EMA;RSI;MACD;ADX;Volume;Bollinger;Estocastico;VWAP;OBV;Fibonacci;Sentimento;Swing Trade Composite,"{""EMA12>EMA50"": ""false"", ""RSI Sobrevendido"": ""false"", ""MACD Cruzamento Alta"": ""false"", ""Swing_Trade_Composite_LONG"": ""false"", ""Swing_Trade_Composite_SHORT"": ""true"", ""ML_Confidence"": 0.5}",Ordem gerada com base em indicadores reais,1h,True,"{""tp_percent"": 2.0, ""sl_percent"": 1.0, ""leverage"": 22}",0.5
07e8fdda-c208-4c81-9489-ed24fb99eec7,DOGEUSDT,SHORT,0.15614,,64.0450877417702,,,,2025-04-15 18:40:02,,aberto,ROBOT 1 LEO,SMA;EMA;RSI;MACD;Swing Trade Composite,"{""EMA12>EMA50"": ""false"", ""RSI Sobrevendido"": ""false"", ""MACD Cruzamento Alta"": ""false"", ""Swing_Trade_Composite_LONG"": ""false"", ""Swing_Trade_Composite_SHORT"": ""true"", ""ML_Confidence"": 0.5}",Ordem gerada com base em indicadores reais,4h,True,"{""tp_percent"": 2.0, ""sl_percent"": 1.0, ""leverage"": 22}",0.5
d37043b2-5766-4fb1-a4e5-4cdbbe3c3b20,DOGEUSDT,SHORT,0.15614,,64.0450877417702,,,,2025-04-15 18:40:04,,aberto,ROBOT PADRAO 1,SMA;EMA;RSI;MACD;Swing Trade Composite,"{""EMA12>EMA50"": ""false"", ""RSI Sobrevendido"": ""false"", ""MACD Cruzamento Alta"": ""false"", ""Swing_Trade_Composite_LONG"": ""false"", ""Swing_Trade_Composite_SHORT"": ""true"", ""ML_Confidence"": 0.5}",Ordem gerada com base em indicadores reais,1h,True,"{""tp_percent"": 2.0, ""sl_percent"": 1.0, ""leverage"": 22}",0.5
41990867-bfbb-4aca-bf54-5a1ef63d43d3,XRPUSDT,SHORT,2.1227,,4.710981297404249,,,,2025-04-15 18:40:05,,aberto,hard,SMA;EMA;RSI;MACD;ADX;Volume;Bollinger;Estocastico;VWAP;OBV;Fibonacci;Sentimento;Swing Trade Composite,"{""EMA12>EMA50"": ""false"", ""RSI Sobrevendido"": ""false"", ""MACD Cruzamento Alta"": ""false"", ""Swing_Trade_Composite_LONG"": ""false"", ""Swing_Trade_Composite_SHORT"": ""true"", ""ML_Confidence"": 0.76}",Ordem gerada com base em indicadores reais,1h,True,"{""tp_percent"": 2.0, ""sl_percent"": 1.0, ""leverage"": 22}",0.5
9ee37a41-c0c1-4732-a95a-2572cac8dcdf,DOGEUSDT,SHORT,0.15611,,64.05739542630197,,,,2025-04-15 18:40:06,,aberto,only1,SMA;EMA;RSI;MACD;ADX;Volume;Bollinger;Estocastico;VWAP;OBV;Fibonacci;Sentimento;Swing Trade Composite,"{""EMA12>EMA50"": ""false"", ""RSI Sobrevendido"": ""false"", ""MACD Cruzamento Alta"": ""false"", ""Swing_Trade_Composite_LONG"": ""false"", ""Swing_Trade_Composite_SHORT"": ""true"", ""ML_Confidence"": 0.5}",Ordem gerada com base em indicadores reais,1h,True,"{""tp_percent"": 2.0, ""sl_percent"": 1.0, ""leverage"": 22}",0.5
de847ca0-f9f1-46e2-b573-df44357c8aac,XRPUSDT,SHORT,2.1214,,4.7138682002451215,,,,2025-04-15 18:40:08,,aberto,frouxo,MACD;Volume;Swing Trade Composite,"{""EMA12>EMA50"": ""false"", ""RSI Sobrevendido"": ""false"", ""MACD Cruzamento Alta"": ""false"", ""Swing_Trade_Composite_LONG"": ""false"", ""Swing_Trade_Composite_SHORT"": ""true"", ""ML_Confidence"": 0.3}",Ordem gerada com base em indicadores reais,1h,True,"{""tp_percent"": 2.0, ""sl_percent"": 1.0, ""leverage"": 22}",0.5
71b0d9aa-878f-4755-888b-85e34e7428eb,TRXUSDT,SHORT,0.2506,,39.904229848363926,,,,2025-04-15 18:40:58,,aberto,Robo 00,SMA;EMA;RSI;MACD;ADX;Volume;Bollinger;Estocastico;VWAP;OBV;Fibonacci;Sentimento;Swing Trade Composite,"{""EMA12>EMA50"": ""false"", ""RSI Sobrevendido"": ""false"", ""MACD Cruzamento Alta"": ""false"", ""Swing_Trade_Composite_LONG"": ""false"", ""Swing_Trade_Composite_SHORT"": ""true"", ""ML_Confidence"": 0.5}",Ordem gerada com base em indicadores reais,1m,True,"{""tp_percent"": 2.0, ""sl_percent"": 1.0, ""leverage"": 22}",0.5
c1193cf3-716e-4a06-bdc3-32b7eb76cc68,DOGEUSDT,LONG,0.15594,,64.12722842118764,,,,2025-04-15 18:41:30,,aberto,ROBOT 1 LEO,SMA;EMA;RSI;MACD;Swing Trade Composite,"{""EMA12>EMA50"": ""true"", ""RSI Sobrevendido"": ""false"", ""MACD Cruzamento Alta"": ""false"", ""Swing_Trade_Composite_LONG"": ""true"", ""Swing_Trade_Composite_SHORT"": ""false"", ""ML_Confidence"": 0.5}",Ordem gerada com base em indicadores reais,1m,True,"{""tp_percent"": 2.0, ""sl_percent"": 1.0, ""leverage"": 22}",0.5
df2d6f53-68e9-4303-9765-0cfff35c3b24,XRPUSDT,SHORT,2.1205,,4.7158688988446125,,,,2025-04-15 18:41:31,,aberto,ROBOT PADRAO 1,SMA;EMA;RSI;MACD;Swing Trade Composite,"{""EMA12>EMA50"": ""false"", ""RSI Sobrevendido"": ""false"", ""MACD Cruzamento Alta"": ""false"", ""Swing_Trade_Composite_LONG"": ""false"", ""Swing_Trade_Composite_SHORT"": ""true"", ""ML_Confidence"": 0.5}",Ordem gerada com base em indicadores reais,1h,True,"{""tp_percent"": 2.0, ""sl_percent"": 1.0, ""leverage"": 22}",0.5
fb8a3a52-9939-4097-b8c5-f654fef413f8,XRPUSDT,LONG,2.1205,,4.7158688988446125,,,,2025-04-15 18:41:33,,aberto,hard,SMA;EMA;RSI;MACD;ADX;Volume;Bollinger;Estocastico;VWAP;OBV;Fibonacci;Sentimento;Swing Trade Composite,"{""EMA12>EMA50"": ""true"", ""RSI Sobrevendido"": ""false"", ""MACD Cruzamento Alta"": ""false"", ""Swing_Trade_Composite_LONG"": ""false"", ""Swing_Trade_Composite_SHORT"": ""true"", ""ML_Confidence"": 0.76}",Ordem gerada com base em indicadores reais,4h,True,"{""tp_percent"": 2.0, ""sl_percent"": 1.0, ""leverage"": 22}",0.5
9477a60a-3143-4d11-b4c5-82305dde4436,DOGEUSDT,SHORT,0.15595,,64.12311638345624,,,,2025-04-15 18:41:34,,aberto,only1,SMA;EMA;RSI;MACD;ADX;Volume;Bollinger;Estocastico;VWAP;OBV;Fibonacci;Sentimento;Swing Trade Composite,"{""EMA12>EMA50"": ""false"", ""RSI Sobrevendido"": ""false"", ""MACD Cruzamento Alta"": ""false"", ""Swing_Trade_Composite_LONG"": ""false"", ""Swing_Trade_Composite_SHORT"": ""true"", ""ML_Confidence"": 0.5}",Ordem gerada com base em indicadores reais,4h,True,"{""tp_percent"": 2.0, ""sl_percent"": 1.0, ""leverage"": 22}",0.5
0c3d9ce1-e209-4e4b-8a7a-29e93cff6af8,TRXUSDT,LONG,0.2507,,39.888312724371765,,,,2025-04-15 18:41:36,,aberto,frouxo,MACD;Volume;Swing Trade Composite,"{""EMA12>EMA50"": ""false"", ""RSI Sobrevendido"": ""false"", ""MACD Cruzamento Alta"": ""false"", ""Swing_Trade_Composite_LONG"": ""true"", ""Swing_Trade_Composite_SHORT"": ""false"", ""ML_Confidence"": 0.3}",Ordem gerada com base em indicadores reais,1h,True,"{""tp_percent"": 2.0, ""sl_percent"": 1.0, ""leverage"": 22}",0.5
28990c85-d7b2-45c5-bab4-6c03d1fcd30f,XRPUSDT,LONG,2.1208,,4.715201810637495,,,,2025-04-15 18:41:37,,aberto,robo do um porcento ,SMA;EMA;RSI;MACD;ADX;Volume;Bollinger;Estocastico;VWAP;OBV;Fibonacci;Sentimento,"{""EMA12>EMA50"": ""true"", ""RSI Sobrevendido"": ""false"", ""MACD Cruzamento Alta"": ""false"", ""Swing_Trade_Composite_LONG"": ""false"", ""Swing_Trade_Composite_SHORT"": ""false"", ""ML_Confidence"": 0.5}",Ordem gerada com base em indicadores reais,4h,True,"{""tp_percent"": 1.1, ""sl_percent"": 0.8, ""leverage"": 20}",0.5
96953f33-683a-4e47-b024-5874386e97b1,DOGEUSDT,LONG,0.15602,,64.09434687860531,,,,2025-04-15 18:42:08,,aberto,ultima 10,SMA;EMA;RSI;MACD;ADX;Volume;Bollinger;Estocastico;VWAP;OBV;Fibonacci;Sentimento;Swing Trade Composite,"{""EMA12>EMA50"": ""true"", ""RSI Sobrevendido"": ""false"", ""MACD Cruzamento Alta"": ""false"", ""Swing_Trade_Composite_LONG"": ""true"", ""Swing_Trade_Composite_SHORT"": ""false"", ""ML_Confidence"": 0.69}",Ordem gerada com base em indicadores reais,1m,True,"{""tp_percent"": 2.5, ""sl_percent"": 1.0, ""leverage"": 22}",0.5
a9223f77-9ba4-43f3-9122-68c190c392ac,XRPUSDT,SHORT,2.1213,,4.714090416254184,,,,2025-04-15 18:42:45,,aberto,ema max,EMA;Swing Trade Composite,"{""EMA12>EMA50"": ""false"", ""RSI Sobrevendido"": ""false"", ""MACD Cruzamento Alta"": ""false"", ""Swing_Trade_Composite_LONG"": ""false"", ""Swing_Trade_Composite_SHORT"": ""true"", ""ML_Confidence"": 0.99}",Ordem gerada com base em indicadores reais,1h,True,"{""tp_percent"": 2.0, ""sl_percent"": 1.0, ""leverage"": 22}",0.5
4ede3093-f5b3-4c79-97fc-853003fbbdd6,DOGEUSDT,SHORT,0.15602,,64.09434687860531,,,,2025-04-15 18:43:12,,aberto,Robo 00,SMA;EMA;RSI;MACD;ADX;Volume;Bollinger;Estocastico;VWAP;OBV;Fibonacci;Sentimento;Swing Trade Composite,"{""EMA12>EMA50"": ""false"", ""RSI Sobrevendido"": ""false"", ""MACD Cruzamento Alta"": ""false"", ""Swing_Trade_Composite_LONG"": ""false"", ""Swing_Trade_Composite_SHORT"": ""true"", ""ML_Confidence"": 0.5}",Ordem gerada com base em indicadores reais,1h,True,"{""tp_percent"": 2.0, ""sl_percent"": 1.0, ""leverage"": 22}",0.5
ffc6458d-9640-4d17-b7ca-c0c0ca9434db,XRPUSDT,LONG,2.121,,4.714757190004715,,,,2025-04-15 18:43:14,,aberto,ROBOT 1 LEO,SMA;EMA;RSI;MACD;Swing Trade Composite,"{""EMA12>EMA50"": ""true"", ""RSI Sobrevendido"": ""false"", ""MACD Cruzamento Alta"": ""false"", ""Swing_Trade_Composite_LONG"": ""false"", ""Swing_Trade_Composite_SHORT"": ""true"", ""ML_Confidence"": 0.5}",Ordem gerada com base em indicadores reais,4h,True,"{""tp_percent"": 2.0, ""sl_percent"": 1.0, ""leverage"": 22}",0.5
6d73bbf3-4bff-411b-8e7a-778ceaa297ff,XRPUSDT,LONG,2.121,,4.714757190004715,,,,2025-04-15 18:43:15,,aberto,ROBOT PADRAO 1,SMA;EMA;RSI;MACD;Swing Trade Composite,"{""EMA12>EMA50"": ""true"", ""RSI Sobrevendido"": ""false"", ""MACD Cruzamento Alta"": ""false"", ""Swing_Trade_Composite_LONG"": ""false"", ""Swing_Trade_Composite_SHORT"": ""true"", ""ML_Confidence"": 0.5}",Ordem gerada com base em indicadores reais,4h,True,"{""tp_percent"": 2.0, ""sl_percent"": 1.0, ""leverage"": 22}",0.5
1067f198-b91d-4dd1-8e1c-b330880f4a9d,TRXUSDT,LONG,0.2509,,39.856516540454365,,,,2025-04-15 18:43:17,,aberto,hard,SMA;EMA;RSI;MACD;ADX;Volume;Bollinger;Estocastico;VWAP;OBV;Fibonacci;Sentimento;Swing Trade Composite,"{""EMA12>EMA50"": ""false"", ""RSI Sobrevendido"": ""false"", ""MACD Cruzamento Alta"": ""false"", ""Swing_Trade_Composite_LONG"": ""true"", ""Swing_Trade_Composite_SHORT"": ""false"", ""ML_Confidence"": 0.76}",Ordem gerada com base em indicadores reais,1h,True,"{""tp_percent"": 2.0, ""sl_percent"": 1.0, ""leverage"": 22}",0.5
4ed9ee91-e3e3-417d-81b9-4e18a171af30,TRXUSDT,LONG,0.2509,,39.856516540454365,,,,2025-04-15 18:43:18,,aberto,only1,SMA;EMA;RSI;MACD;ADX;Volume;Bollinger;Estocastico;VWAP;OBV;Fibonacci;Sentimento;Swing Trade Composite,"{""EMA12>EMA50"": ""false"", ""RSI Sobrevendido"": ""false"", ""MACD Cruzamento Alta"": ""false"", ""Swing_Trade_Composite_LONG"": ""true"", ""Swing_Trade_Composite_SHORT"": ""false"", ""ML_Confidence"": 0.5}",Ordem gerada com base em indicadores reais,1h,True,"{""tp_percent"": 2.0, ""sl_percent"": 1.0, ""leverage"": 22}",0.5
9ae42dae-cf89-45df-b12a-70e754e78ece,DOGEUSDT,SHORT,0.15603,,64.09023905659168,,,,2025-04-15 18:43:19,,aberto,frouxo,MACD;Volume;Swing Trade Composite,"{""EMA12>EMA50"": ""false"", ""RSI Sobrevendido"": ""false"", ""MACD Cruzamento Alta"": ""false"", ""Swing_Trade_Composite_LONG"": ""false"", ""Swing_Trade_Composite_SHORT"": ""true"", ""ML_Confidence"": 0.3}",Ordem gerada com base em indicadores reais,1h,True,"{""tp_percent"": 2.0, ""sl_percent"": 1.0, ""leverage"": 22}",0.5
3fa28be9-7a2c-41af-9c25-f27cd142e5b1,TRXUSDT,LONG,0.2509,,39.856516540454365,,,,2025-04-15 18:43:22,,aberto,GPT 00,SMA;EMA;RSI;MACD;ADX;Volume;Bollinger;Estocastico;VWAP;OBV;Fibonacci;Sentimento;Swing Trade Composite,"{""EMA12>EMA50"": ""false"", ""RSI Sobrevendido"": ""false"", ""MACD Cruzamento Alta"": ""false"", ""Swing_Trade_Composite_LONG"": ""true"", ""Swing_Trade_Composite_SHORT"": ""false"", ""ML_Confidence"": 0.5}",Ordem gerada com base em indicadores reais,1h,True,"{""tp_percent"": 2.0, ""sl_percent"": 1.0, ""leverage"": 22}",0.5
ec3d8a83-6e44-416e-aa16-71cfdadbe43b,XRPUSDT,LONG,2.121,2.1109,4.714757190004715,-0.476190476190476,-0.476190476190476,SL,2025-04-15 18:43:24,2025-04-15 19:08:42,fechado,Momentum Fast,EMA;RSI;MACD;Volume,"{""EMA12>EMA50"": ""true"", ""RSI Sobrevendido"": ""false"", ""MACD Cruzamento Alta"": ""false"", ""Swing_Trade_Composite_LONG"": ""false"", ""Swing_Trade_Composite_SHORT"": ""false"", ""ML_Confidence"": 0.7}",Ordem gerada com base em indicadores reais,4h,True,"{""tp_percent"": 0.8, ""sl_percent"": 0.4, ""leverage"": 50}",0.5
826636c6-a2b4-4b1d-a645-f6feacd68f8a,DOGEUSDT,SHORT,0.15603,,64.09023905659168,,,,2025-04-15 18:43:25,,aberto,Swing Alpha,SMA;EMA;ADX;Volume;Bollinger;Estocastico;OBV;Fibonacci;Sentimento;Swing Trade Composite,"{""EMA12>EMA50"": ""false"", ""RSI Sobrevendido"": ""false"", ""MACD Cruzamento Alta"": ""false"", ""Swing_Trade_Composite_LONG"": ""false"", ""Swing_Trade_Composite_SHORT"": ""true"", ""ML_Confidence"": 0.6}",Ordem gerada com base em indicadores reais,1h,True,"{""tp_percent"": 5.0, ""sl_percent"": 2.5, ""leverage"": 8}",0.5
c1832a26-fbdf-4c9e-ab93-4230a7ed199e,DOGEUSDT,SHORT,0.15603,,64.09023905659168,,,,2025-04-15 18:43:27,,aberto,Robo 00,SMA;EMA;RSI;MACD;ADX;Volume;Bollinger;Estocastico;VWAP;OBV;Fibonacci;Sentimento;Swing Trade Composite,"{""EMA12>EMA50"": ""false"", ""RSI Sobrevendido"": ""false"", ""MACD Cruzamento Alta"": ""false"", ""Swing_Trade_Composite_LONG"": ""false"", ""Swing_Trade_Composite_SHORT"": ""true"", ""ML_Confidence"": 0.5}",Ordem gerada com base em indicadores reais,4h,True,"{""tp_percent"": 2.0, ""sl_percent"": 1.0, ""leverage"": 22}",0.5
0c23434b-ce03-4259-9993-cf0b3888255c,XRPUSDT,LONG,2.121,,4.714757190004715,,,,2025-04-15 18:43:52,,aberto,Robo 00,SMA;EMA;RSI;MACD;ADX;Volume;Bollinger;Estocastico;VWAP;OBV;Fibonacci;Sentimento;Swing Trade Composite,"{""EMA12>EMA50"": ""true"", ""RSI Sobrevendido"": ""false"", ""MACD Cruzamento Alta"": ""false"", ""Swing_Trade_Composite_LONG"": ""false"", ""Swing_Trade_Composite_SHORT"": ""true"", ""ML_Confidence"": 0.5}",Ordem gerada com base em indicadores reais,4h,True,"{""tp_percent"": 2.0, ""sl_percent"": 1.0, ""leverage"": 22}",0.5
a3c571a8-b0ad-4dd2-9814-67c3ec838183,TRXUSDT,LONG,0.2508,,39.87240829346092,,,,2025-04-15 18:43:55,,aberto,ROBOT 1 LEO,SMA;EMA;RSI;MACD;Swing Trade Composite,"{""EMA12>EMA50"": ""true"", ""RSI Sobrevendido"": ""false"", ""MACD Cruzamento Alta"": ""false"", ""Swing_Trade_Composite_LONG"": ""false"", ""Swing_Trade_Composite_SHORT"": ""true"", ""ML_Confidence"": 0.5}",Ordem gerada com base em indicadores reais,4h,True,"{""tp_percent"": 2.0, ""sl_percent"": 1.0, ""leverage"": 22}",0.5
74a63636-c705-4f9b-8c25-035378fa461c,TRXUSDT,LONG,0.2508,,39.87240829346092,,,,2025-04-15 18:43:57,,aberto,ROBOT PADRAO 1,SMA;EMA;RSI;MACD;Swing Trade Composite,"{""EMA12>EMA50"": ""false"", ""RSI Sobrevendido"": ""false"", ""MACD Cruzamento Alta"": ""false"", ""Swing_Trade_Composite_LONG"": ""true"", ""Swing_Trade_Composite_SHORT"": ""false"", ""ML_Confidence"": 0.5}",Ordem gerada com base em indicadores reais,1h,True,"{""tp_percent"": 2.0, ""sl_percent"": 1.0, ""leverage"": 22}",0.5
c4910cb9-bd23-4155-b108-cd168aff900e,TRXUSDT,LONG,0.2507,,39.888312724371765,,,,2025-04-15 18:44:38,,aberto,Robo 00,SMA;EMA;RSI;MACD;ADX;Volume;Bollinger;Estocastico;VWAP;OBV;Fibonacci;Sentimento;Swing Trade Composite,"{""EMA12>EMA50"": ""false"", ""RSI Sobrevendido"": ""false"", ""MACD Cruzamento Alta"": ""false"", ""Swing_Trade_Composite_LONG"": ""true"", ""Swing_Trade_Composite_SHORT"": ""false"", ""ML_Confidence"": 0.5}",Ordem gerada com base em indicadores reais,1m,True,"{""tp_percent"": 2.0, ""sl_percent"": 1.0, ""leverage"": 22}",0.5
3276ab3d-3262-4ef8-b6e5-6fcb7c8c5a44,XRPUSDT,LONG,2.1214,,4.7138682002451215,,,,2025-04-15 18:45:08,,aberto,ROBOT 1 LEO,SMA;EMA;RSI;MACD;Swing Trade Composite,"{""EMA12>EMA50"": ""true"", ""RSI Sobrevendido"": ""false"", ""MACD Cruzamento Alta"": ""false"", ""Swing_Trade_Composite_LONG"": ""true"", ""Swing_Trade_Composite_SHORT"": ""false"", ""ML_Confidence"": 0.5}",Ordem gerada com base em indicadores reais,1m,True,"{""tp_percent"": 2.0, ""sl_percent"": 1.0, ""leverage"": 22}",0.5
51b08929-05c1-4842-a974-ea685c9d5848,DOGEUSDT,SHORT,0.15599,,64.10667350471185,,,,2025-04-15 18:45:10,,aberto,ROBOT PADRAO 1,SMA;EMA;RSI;MACD;Swing Trade Composite,"{""EMA12>EMA50"": ""false"", ""RSI Sobrevendido"": ""false"", ""MACD Cruzamento Alta"": ""false"", ""Swing_Trade_Composite_LONG"": ""false"", ""Swing_Trade_Composite_SHORT"": ""true"", ""ML_Confidence"": 0.5}",Ordem gerada com base em indicadores reais,4h,True,"{""tp_percent"": 2.0, ""sl_percent"": 1.0, ""leverage"": 22}",0.5
fa668c9c-0bf0-416d-8def-9f13fd91133d,XRPUSDT,LONG,2.121,,4.714757190004715,,,,2025-04-15 18:45:40,,aberto,hard,SMA;EMA;RSI;MACD;ADX;Volume;Bollinger;Estocastico;VWAP;OBV;Fibonacci;Sentimento;Swing Trade Composite,"{""EMA12>EMA50"": ""true"", ""RSI Sobrevendido"": ""false"", ""MACD Cruzamento Alta"": ""false"", ""Swing_Trade_Composite_LONG"": ""true"", ""Swing_Trade_Composite_SHORT"": ""false"", ""ML_Confidence"": 0.76}",Ordem gerada com base em indicadores reais,1m,True,"{""tp_percent"": 2.0, ""sl_percent"": 1.0, ""leverage"": 22}",0.5
dc86a8fb-99c0-4061-8275-93e057b0e1f8,DOGEUSDT,LONG,0.156,,64.1025641025641,,,,2025-04-15 18:46:09,,aberto,only1,SMA;EMA;RSI;MACD;ADX;Volume;Bollinger;Estocastico;VWAP;OBV;Fibonacci;Sentimento;Swing Trade Composite,"{""EMA12>EMA50"": ""true"", ""RSI Sobrevendido"": ""false"", ""MACD Cruzamento Alta"": ""false"", ""Swing_Trade_Composite_LONG"": ""true"", ""Swing_Trade_Composite_SHORT"": ""false"", ""ML_Confidence"": 0.5}",Ordem gerada com base em indicadores reais,1m,True,"{""tp_percent"": 2.0, ""sl_percent"": 1.0, ""leverage"": 22}",0.5
7dbd5740-c96d-4ec0-9f40-ea8f0ae4e724,DOGEUSDT,SHORT,0.156,,64.1025641025641,,,,2025-04-15 18:46:11,,aberto,frouxo,MACD;Volume;Swing Trade Composite,"{""EMA12>EMA50"": ""false"", ""RSI Sobrevendido"": ""false"", ""MACD Cruzamento Alta"": ""false"", ""Swing_Trade_Composite_LONG"": ""false"", ""Swing_Trade_Composite_SHORT"": ""true"", ""ML_Confidence"": 0.3}",Ordem gerada com base em indicadores reais,4h,True,"{""tp_percent"": 2.0, ""sl_percent"": 1.0, ""leverage"": 22}",0.5
6f57c640-d0c1-4b98-9882-e6fdf4d37bb8,DOGEUSDT,LONG,0.15618,,64.02868485081316,,,,2025-04-15 18:46:42,,aberto,robo do um porcento ,SMA;EMA;RSI;MACD;ADX;Volume;Bollinger;Estocastico;VWAP;OBV;Fibonacci;Sentimento,"{""EMA12>EMA50"": ""true"", ""RSI Sobrevendido"": ""false"", ""MACD Cruzamento Alta"": ""false"", ""Swing_Trade_Composite_LONG"": ""false"", ""Swing_Trade_Composite_SHORT"": ""false"", ""ML_Confidence"": 0.5}",Ordem gerada com base em indicadores reais,1m,True,"{""tp_percent"": 1.1, ""sl_percent"": 0.8, ""leverage"": 20}",0.5
1518f4b6-c00e-490c-bc4d-ca4c63176282,DOGEUSDT,LONG,0.15618,,64.02868485081316,,,,2025-04-15 18:47:16,,aberto,ultima 10,SMA;EMA;RSI;MACD;ADX;Volume;Bollinger;Estocastico;VWAP;OBV;Fibonacci;Sentimento;Swing Trade Composite,"{""EMA12>EMA50"": ""true"", ""RSI Sobrevendido"": ""false"", ""MACD Cruzamento Alta"": ""false"", ""Swing_Trade_Composite_LONG"": ""true"", ""Swing_Trade_Composite_SHORT"": ""false"", ""ML_Confidence"": 0.69}",Ordem gerada com base em indicadores reais,5m,True,"{""tp_percent"": 2.5, ""sl_percent"": 1.0, ""leverage"": 22}",0.5
9912ba5d-6fe0-4cfe-86bf-85c39e980b57,TRXUSDT,LONG,0.2508,,39.87240829346092,,,,2025-04-15 18:47:35,,aberto,GPT 00,SMA;EMA;RSI;MACD;ADX;Volume;Bollinger;Estocastico;VWAP;OBV;Fibonacci;Sentimento;Swing Trade Composite,"{""EMA12>EMA50"": ""true"", ""RSI Sobrevendido"": ""false"", ""MACD Cruzamento Alta"": ""false"", ""Swing_Trade_Composite_LONG"": ""false"", ""Swing_Trade_Composite_SHORT"": ""true"", ""ML_Confidence"": 0.5}",Ordem gerada com base em indicadores reais,4h,True,"{""tp_percent"": 2.0, ""sl_percent"": 1.0, ""leverage"": 22}",0.5
a4435b7a-cbde-4e7b-be41-df444a26d892,DOGEUSDT,LONG,0.15604,,64.08613176108689,,,,2025-04-15 18:48:05,,aberto,Momentum Fast,EMA;RSI;MACD;Volume,"{""EMA12>EMA50"": ""true"", ""RSI Sobrevendido"": ""false"", ""MACD Cruzamento Alta"": ""false"", ""Swing_Trade_Composite_LONG"": ""false"", ""Swing_Trade_Composite_SHORT"": ""false"", ""ML_Confidence"": 0.7}",Ordem gerada com base em indicadores reais,1m,True,"{""tp_percent"": 0.8, ""sl_percent"": 0.4, ""leverage"": 50}",0.5
016c2855-6bac-4998-9517-ccf14defcfd2,DOGEUSDT,SHORT,0.15602,,64.09434687860531,,,,2025-04-15 18:48:07,,aberto,Swing Alpha,SMA;EMA;ADX;Volume;Bollinger;Estocastico;OBV;Fibonacci;Sentimento;Swing Trade Composite,"{""EMA12>EMA50"": ""false"", ""RSI Sobrevendido"": ""false"", ""MACD Cruzamento Alta"": ""false"", ""Swing_Trade_Composite_LONG"": ""false"", ""Swing_Trade_Composite_SHORT"": ""true"", ""ML_Confidence"": 0.6}",Ordem gerada com base em indicadores reais,4h,True,"{""tp_percent"": 5.0, ""sl_percent"": 2.5, ""leverage"": 8}",0.5
ff03d596-7302-4616-96db-0534441dcf7d,XRPUSDT,SHORT,2.1228,,4.710759374411156,,,,2025-04-15 18:48:35,,aberto,GPT 00,SMA;EMA;RSI;MACD;ADX;Volume;Bollinger;Estocastico;VWAP;OBV;Fibonacci;Sentimento;Swing Trade Composite,"{""EMA12>EMA50"": ""false"", ""RSI Sobrevendido"": ""false"", ""MACD Cruzamento Alta"": ""false"", ""Swing_Trade_Composite_LONG"": ""false"", ""Swing_Trade_Composite_SHORT"": ""true"", ""ML_Confidence"": 0.5}",Ordem gerada com base em indicadores reais,1h,True,"{""tp_percent"": 2.0, ""sl_percent"": 1.0, ""leverage"": 22}",0.5
988a0233-ebb8-4208-a901-4ad8ed7b3d26,XRPUSDT,LONG,2.1226,,4.711203241307831,,,,2025-04-15 18:49:10,,aberto,Robo 00,SMA;EMA;RSI;MACD;ADX;Volume;Bollinger;Estocastico;VWAP;OBV;Fibonacci;Sentimento;Swing Trade Composite,"{""EMA12>EMA50"": ""true"", ""RSI Sobrevendido"": ""false"", ""MACD Cruzamento Alta"": ""false"", ""Swing_Trade_Composite_LONG"": ""true"", ""Swing_Trade_Composite_SHORT"": ""false"", ""ML_Confidence"": 0.5}",Ordem gerada com base em indicadores reais,1m,True,"{""tp_percent"": 2.0, ""sl_percent"": 1.0, ""leverage"": 22}",0.5
57065e52-9b2b-47d0-ba03-14e884e567b8,XRPUSDT,LONG,2.123,,4.710315591144607,,,,2025-04-15 18:49:45,,aberto,ROBOT 1 LEO,SMA;EMA;RSI;MACD;Swing Trade Composite,"{""EMA12>EMA50"": ""false"", ""RSI Sobrevendido"": ""false"", ""MACD Cruzamento Alta"": ""false"", ""Swing_Trade_Composite_LONG"": ""true"", ""Swing_Trade_Composite_SHORT"": ""false"", ""ML_Confidence"": 0.5}",Ordem gerada com base em indicadores reais,5m,True,"{""tp_percent"": 2.0, ""sl_percent"": 1.0, ""leverage"": 22}",0.5
d4168d2f-dded-462a-a5ea-b777f806fa11,DOGEUSDT,LONG,0.15615,,64.04098623118796,,,,2025-04-15 18:50:16,,aberto,ROBOT PADRAO 1,SMA;EMA;RSI;MACD;Swing Trade Composite,"{""EMA12>EMA50"": ""true"", ""RSI Sobrevendido"": ""false"", ""MACD Cruzamento Alta"": ""false"", ""Swing_Trade_Composite_LONG"": ""true"", ""Swing_Trade_Composite_SHORT"": ""false"", ""ML_Confidence"": 0.5}",Ordem gerada com base em indicadores reais,1m,True,"{""tp_percent"": 2.0, ""sl_percent"": 1.0, ""leverage"": 22}",0.5
bcfaed3d-b7e1-414e-93ce-7e93dccc26ed,XRPUSDT,LONG,2.1224,,4.711647191858274,,,,2025-04-15 18:50:51,,aberto,hard,SMA;EMA;RSI;MACD;ADX;Volume;Bollinger;Estocastico;VWAP;OBV;Fibonacci;Sentimento;Swing Trade Composite,"{""EMA12>EMA50"": ""false"", ""RSI Sobrevendido"": ""false"", ""MACD Cruzamento Alta"": ""false"", ""Swing_Trade_Composite_LONG"": ""true"", ""Swing_Trade_Composite_SHORT"": ""false"", ""ML_Confidence"": 0.76}",Ordem gerada com base em indicadores reais,5m,True,"{""tp_percent"": 2.0, ""sl_percent"": 1.0, ""leverage"": 22}",0.5
e061f803-f3bd-4816-9da1-71d0e9b88663,DOGEUSDT,LONG,0.15609,,64.06560317765391,,,,2025-04-15 18:51:26,,aberto,only1,SMA;EMA;RSI;MACD;ADX;Volume;Bollinger;Estocastico;VWAP;OBV;Fibonacci;Sentimento;Swing Trade Composite,"{""EMA12>EMA50"": ""true"", ""RSI Sobrevendido"": ""false"", ""MACD Cruzamento Alta"": ""false"", ""Swing_Trade_Composite_LONG"": ""true"", ""Swing_Trade_Composite_SHORT"": ""false"", ""ML_Confidence"": 0.5}",Ordem gerada com base em indicadores reais,5m,True,"{""tp_percent"": 2.0, ""sl_percent"": 1.0, ""leverage"": 22}",0.5
c4f0166f-11b9-4bfa-9b74-57f7456eebd9,DOGEUSDT,LONG,0.15602,,64.09434687860531,,,,2025-04-15 18:51:56,,aberto,frouxo,MACD;Volume;Swing Trade Composite,"{""EMA12>EMA50"": ""false"", ""RSI Sobrevendido"": ""false"", ""MACD Cruzamento Alta"": ""false"", ""Swing_Trade_Composite_LONG"": ""true"", ""Swing_Trade_Composite_SHORT"": ""false"", ""ML_Confidence"": 0.3}",Ordem gerada com base em indicadores reais,1m,True,"{""tp_percent"": 2.0, ""sl_percent"": 1.0, ""leverage"": 22}",0.5
5ba95e4a-8824-4ef7-97ea-dbdb24719bab,DOGEUSDT,LONG,0.15594,,64.12722842118764,,,,2025-04-15 18:52:31,,aberto,robo do um porcento ,SMA;EMA;RSI;MACD;ADX;Volume;Bollinger;Estocastico;VWAP;OBV;Fibonacci;Sentimento,"{""EMA12>EMA50"": ""true"", ""RSI Sobrevendido"": ""false"", ""MACD Cruzamento Alta"": ""false"", ""Swing_Trade_Composite_LONG"": ""false"", ""Swing_Trade_Composite_SHORT"": ""false"", ""ML_Confidence"": 0.5}",Ordem gerada com base em indicadores reais,5m,True,"{""tp_percent"": 1.1, ""sl_percent"": 0.8, ""leverage"": 20}",0.5
fad41bb5-d253-421f-bc5d-96f22e4448ca,XRPUSDT,LONG,2.1213,,4.714090416254184,,,,2025-04-15 18:52:32,,aberto,ultima 10,SMA;EMA;RSI;MACD;ADX;Volume;Bollinger;Estocastico;VWAP;OBV;Fibonacci;Sentimento;Swing Trade Composite,"{""EMA12>EMA50"": ""true"", ""RSI Sobrevendido"": ""false"", ""MACD Cruzamento Alta"": ""false"", ""Swing_Trade_Composite_LONG"": ""false"", ""Swing_Trade_Composite_SHORT"": ""true"", ""ML_Confidence"": 0.69}",Ordem gerada com base em indicadores reais,4h,True,"{""tp_percent"": 2.5, ""sl_percent"": 1.0, ""leverage"": 22}",0.5
4d1c2fef-1697-406f-8646-6100fa1b7ea7,DOGEUSDT,LONG,0.15595,,64.12311638345624,,,,2025-04-15 18:53:09,,aberto,Robo 00,SMA;EMA;RSI;MACD;ADX;Volume;Bollinger;Estocastico;VWAP;OBV;Fibonacci;Sentimento;Swing Trade Composite,"{""EMA12>EMA50"": ""true"", ""RSI Sobrevendido"": ""false"", ""MACD Cruzamento Alta"": ""false"", ""Swing_Trade_Composite_LONG"": ""false"", ""Swing_Trade_Composite_SHORT"": ""true"", ""ML_Confidence"": 0.5}",Ordem gerada com base em indicadores reais,1m,True,"{""tp_percent"": 2.0, ""sl_percent"": 1.0, ""leverage"": 22}",0.5
1a7498c5-4cbd-4c25-a333-4ac555300394,XRPUSDT,SHORT,2.1176,,4.722327162825841,,,,2025-04-15 18:53:44,,aberto,ROBOT 1 LEO,SMA;EMA;RSI;MACD;Swing Trade Composite,"{""EMA12>EMA50"": ""false"", ""RSI Sobrevendido"": ""false"", ""MACD Cruzamento Alta"": ""false"", ""Swing_Trade_Composite_LONG"": ""false"", ""Swing_Trade_Composite_SHORT"": ""true"", ""ML_Confidence"": 0.5}",Ordem gerada com base em indicadores reais,5m,True,"{""tp_percent"": 2.0, ""sl_percent"": 1.0, ""leverage"": 22}",0.5
416a5b0f-7ef2-43b6-8ff5-f4a09fc0d392,DOGEUSDT,LONG,0.15587,,64.15602745877975,,,,2025-04-15 18:54:21,,aberto,ROBOT PADRAO 1,SMA;EMA;RSI;MACD;Swing Trade Composite,"{""EMA12>EMA50"": ""false"", ""RSI Sobrevendido"": ""false"", ""MACD Cruzamento Alta"": ""false"", ""Swing_Trade_Composite_LONG"": ""true"", ""Swing_Trade_Composite_SHORT"": ""false"", ""ML_Confidence"": 0.5}",Ordem gerada com base em indicadores reais,15m,True,"{""tp_percent"": 2.0, ""sl_percent"": 1.0, ""leverage"": 22}",0.5
554f2bb0-cc0b-4bd6-914e-bc303e1b84f3,XRPUSDT,SHORT,2.1154,,4.727238347357473,,,,2025-04-15 18:54:56,,aberto,hard,SMA;EMA;RSI;MACD;ADX;Volume;Bollinger;Estocastico;VWAP;OBV;Fibonacci;Sentimento;Swing Trade Composite,"{""EMA12>EMA50"": ""false"", ""RSI Sobrevendido"": ""false"", ""MACD Cruzamento Alta"": ""false"", ""Swing_Trade_Composite_LONG"": ""false"", ""Swing_Trade_Composite_SHORT"": ""true"", ""ML_Confidence"": 0.76}",Ordem gerada com base em indicadores reais,5m,True,"{""tp_percent"": 2.0, ""sl_percent"": 1.0, ""leverage"": 22}",0.5
6421e0b7-c479-4581-aae7-9e5170ec33ff,TRXUSDT,LONG,0.2506,,39.904229848363926,,,,2025-04-15 18:54:58,,aberto,only1,SMA;EMA;RSI;MACD;ADX;Volume;Bollinger;Estocastico;VWAP;OBV;Fibonacci;Sentimento;Swing Trade Composite,"{""EMA12>EMA50"": ""true"", ""RSI Sobrevendido"": ""false"", ""MACD Cruzamento Alta"": ""false"", ""Swing_Trade_Composite_LONG"": ""false"", ""Swing_Trade_Composite_SHORT"": ""true"", ""ML_Confidence"": 0.5}",Ordem gerada com base em indicadores reais,4h,True,"{""tp_percent"": 2.0, ""sl_percent"": 1.0, ""leverage"": 22}",0.5
e0432e15-ed28-4cd2-84e9-8623f4379239,XRPUSDT,SHORT,2.1153,,4.727461825745757,,,,2025-04-15 18:55:00,,aberto,frouxo,MACD;Volume;Swing Trade Composite,"{""EMA12>EMA50"": ""false"", ""RSI Sobrevendido"": ""false"", ""MACD Cruzamento Alta"": ""false"", ""Swing_Trade_Composite_LONG"": ""false"", ""Swing_Trade_Composite_SHORT"": ""true"", ""ML_Confidence"": 0.3}",Ordem gerada com base em indicadores reais,4h,True,"{""tp_percent"": 2.0, ""sl_percent"": 1.0, ""leverage"": 22}",0.5
ddc27c84-801b-4e26-b174-a31bb3549715,TRXUSDT,LONG,0.2507,,39.888312724371765,,,,2025-04-15 18:55:35,,aberto,robo do um porcento ,SMA;EMA;RSI;MACD;ADX;Volume;Bollinger;Estocastico;VWAP;OBV;Fibonacci;Sentimento,"{""EMA12>EMA50"": ""true"", ""RSI Sobrevendido"": ""false"", ""MACD Cruzamento Alta"": ""false"", ""Swing_Trade_Composite_LONG"": ""false"", ""Swing_Trade_Composite_SHORT"": ""false"", ""ML_Confidence"": 0.5}",Ordem gerada com base em indicadores reais,5m,True,"{""tp_percent"": 1.1, ""sl_percent"": 0.8, ""leverage"": 20}",0.5
dc7dcd61-dd54-4a12-b286-5aa3af720e97,XRPUSDT,LONG,2.118,,4.721435316336167,,,,2025-04-15 18:56:05,,aberto,ultima 10,SMA;EMA;RSI;MACD;ADX;Volume;Bollinger;Estocastico;VWAP;OBV;Fibonacci;Sentimento;Swing Trade Composite,"{""EMA12>EMA50"": ""true"", ""RSI Sobrevendido"": ""false"", ""MACD Cruzamento Alta"": ""false"", ""Swing_Trade_Composite_LONG"": ""false"", ""Swing_Trade_Composite_SHORT"": ""true"", ""ML_Confidence"": 0.69}",Ordem gerada com base em indicadores reais,1m,True,"{""tp_percent"": 2.5, ""sl_percent"": 1.0, ""leverage"": 22}",0.5
e19eb2fa-5ed1-4180-8b8f-ba51305a6b92,XRPUSDT,LONG,2.118,,4.721435316336167,,,,2025-04-15 18:56:35,,aberto,GPT 00,SMA;EMA;RSI;MACD;ADX;Volume;Bollinger;Estocastico;VWAP;OBV;Fibonacci;Sentimento;Swing Trade Composite,"{""EMA12>EMA50"": ""true"", ""RSI Sobrevendido"": ""false"", ""MACD Cruzamento Alta"": ""false"", ""Swing_Trade_Composite_LONG"": ""false"", ""Swing_Trade_Composite_SHORT"": ""true"", ""ML_Confidence"": 0.5}",Ordem gerada com base em indicadores reais,4h,True,"{""tp_percent"": 2.0, ""sl_percent"": 1.0, ""leverage"": 22}",0.5
be0d1b7e-aefa-491e-83e9-78900fb27ceb,XRPUSDT,LONG,2.1181,,4.721212407346206,,,,2025-04-15 18:56:42,,aberto,ema max,EMA;Swing Trade Composite,"{""EMA12>EMA50"": ""true"", ""RSI Sobrevendido"": ""false"", ""MACD Cruzamento Alta"": ""false"", ""Swing_Trade_Composite_LONG"": ""false"", ""Swing_Trade_Composite_SHORT"": ""true"", ""ML_Confidence"": 0.99}",Ordem gerada com base em indicadores reais,4h,True,"{""tp_percent"": 2.0, ""sl_percent"": 1.0, ""leverage"": 22}",0.5
cb683e24-380f-4f44-94f9-d94e2285440a,XRPUSDT,LONG,2.1206,,4.715646515137225,,,,2025-04-15 18:57:38,,aberto,Robo 00,SMA;EMA;RSI;MACD;ADX;Volume;Bollinger;Estocastico;VWAP;OBV;Fibonacci;Sentimento;Swing Trade Composite,"{""EMA12>EMA50"": ""false"", ""RSI Sobrevendido"": ""false"", ""MACD Cruzamento Alta"": ""false"", ""Swing_Trade_Composite_LONG"": ""true"", ""Swing_Trade_Composite_SHORT"": ""false"", ""ML_Confidence"": 0.5}",Ordem gerada com base em indicadores reais,5m,True,"{""tp_percent"": 2.0, ""sl_percent"": 1.0, ""leverage"": 22}",0.5
e227b091-6a94-4025-93d4-281f95ed897d,TRXUSDT,SHORT,0.2506,,39.904229848363926,,,,2025-04-15 18:58:07,,aberto,ROBOT 1 LEO,SMA;EMA;RSI;MACD;Swing Trade Composite,"{""EMA12>EMA50"": ""false"", ""RSI Sobrevendido"": ""false"", ""MACD Cruzamento Alta"": ""false"", ""Swing_Trade_Composite_LONG"": ""false"", ""Swing_Trade_Composite_SHORT"": ""true"", ""ML_Confidence"": 0.5}",Ordem gerada com base em indicadores reais,1m,True,"{""tp_percent"": 2.0, ""sl_percent"": 1.0, ""leverage"": 22}",0.5
45c41ae2-c4e3-4cb4-aeae-1c31086fbc9b,DOGEUSDT,LONG,0.15612,,64.05329233922623,,,,2025-04-15 18:58:43,,aberto,ROBOT PADRAO 1,SMA;EMA;RSI;MACD;Swing Trade Composite,"{""EMA12>EMA50"": ""true"", ""RSI Sobrevendido"": ""false"", ""MACD Cruzamento Alta"": ""false"", ""Swing_Trade_Composite_LONG"": ""true"", ""Swing_Trade_Composite_SHORT"": ""false"", ""ML_Confidence"": 0.5}",Ordem gerada com base em indicadores reais,5m,True,"{""tp_percent"": 2.0, ""sl_percent"": 1.0, ""leverage"": 22}",0.5
1b1232f0-b5d1-4e86-87a8-30bf430a2c45,XRPUSDT,SHORT,2.1186,,4.720098178042104,,,,2025-04-15 18:59:20,,aberto,hard,SMA;EMA;RSI;MACD;ADX;Volume;Bollinger;Estocastico;VWAP;OBV;Fibonacci;Sentimento;Swing Trade Composite,"{""EMA12>EMA50"": ""false"", ""RSI Sobrevendido"": ""false"", ""MACD Cruzamento Alta"": ""false"", ""Swing_Trade_Composite_LONG"": ""false"", ""Swing_Trade_Composite_SHORT"": ""true"", ""ML_Confidence"": 0.76}",Ordem gerada com base em indicadores reais,15m,True,"{""tp_percent"": 2.0, ""sl_percent"": 1.0, ""leverage"": 22}",0.5
9dd77d07-973a-40b0-873c-863d5266e795,TRXUSDT,LONG,0.2507,,39.888312724371765,,,,2025-04-15 18:59:50,,aberto,only1,SMA;EMA;RSI;MACD;ADX;Volume;Bollinger;Estocastico;VWAP;OBV;Fibonacci;Sentimento;Swing Trade Composite,"{""EMA12>EMA50"": ""false"", ""RSI Sobrevendido"": ""false"", ""MACD Cruzamento Alta"": ""true"", ""Swing_Trade_Composite_LONG"": ""true"", ""Swing_Trade_Composite_SHORT"": ""false"", ""ML_Confidence"": 0.5}",Ordem gerada com base em indicadores reais,1m,True,"{""tp_percent"": 2.0, ""sl_percent"": 1.0, ""leverage"": 22}",0.5
06407b1d-46c5-470f-9be1-8fd16d214a77,DOGEUSDT,SHORT,0.15556,,64.28387760349705,,,,2025-04-15 19:00:22,,aberto,frouxo,MACD;Volume;Swing Trade Composite,"{""EMA12>EMA50"": ""false"", ""RSI Sobrevendido"": ""false"", ""MACD Cruzamento Alta"": ""false"", ""Swing_Trade_Composite_LONG"": ""false"", ""Swing_Trade_Composite_SHORT"": ""true"", ""ML_Confidence"": 0.3}",Ordem gerada com base em indicadores reais,1m,True,"{""tp_percent"": 2.0, ""sl_percent"": 1.0, ""leverage"": 22}",0.5
084a5203-b013-421e-b495-c635b1d2b915,TRXUSDT,LONG,0.2504,,39.936102236421725,,,,2025-04-15 19:00:58,,aberto,robo do um porcento ,SMA;EMA;RSI;MACD;ADX;Volume;Bollinger;Estocastico;VWAP;OBV;Fibonacci;Sentimento,"{""EMA12>EMA50"": ""true"", ""RSI Sobrevendido"": ""false"", ""MACD Cruzamento Alta"": ""false"", ""Swing_Trade_Composite_LONG"": ""false"", ""Swing_Trade_Composite_SHORT"": ""false"", ""ML_Confidence"": 0.5}",Ordem gerada com base em indicadores reais,15m,True,"{""tp_percent"": 1.1, ""sl_percent"": 0.8, ""leverage"": 20}",0.5
f68d8694-3dff-434c-996f-0f0c988b9ea7,TRXUSDT,LONG,0.2504,,39.936102236421725,,,,2025-04-15 19:00:59,,aberto,ultima 10,SMA;EMA;RSI;MACD;ADX;Volume;Bollinger;Estocastico;VWAP;OBV;Fibonacci;Sentimento;Swing Trade Composite,"{""EMA12>EMA50"": ""false"", ""RSI Sobrevendido"": ""false"", ""MACD Cruzamento Alta"": ""false"", ""Swing_Trade_Composite_LONG"": ""true"", ""Swing_Trade_Composite_SHORT"": ""false"", ""ML_Confidence"": 0.69}",Ordem gerada com base em indicadores reais,1h,True,"{""tp_percent"": 2.5, ""sl_percent"": 1.0, ""leverage"": 22}",0.5
8161e593-9ad6-4a9a-9ed6-c081aa0f260e,TRXUSDT,SHORT,0.2503,,39.95205753096284,,,,2025-04-15 19:01:50,,aberto,GPT 00,SMA;EMA;RSI;MACD;ADX;Volume;Bollinger;Estocastico;VWAP;OBV;Fibonacci;Sentimento;Swing Trade Composite,"{""EMA12>EMA50"": ""false"", ""RSI Sobrevendido"": ""false"", ""MACD Cruzamento Alta"": ""false"", ""Swing_Trade_Composite_LONG"": ""false"", ""Swing_Trade_Composite_SHORT"": ""true"", ""ML_Confidence"": 0.5}",Ordem gerada com base em indicadores reais,1m,True,"{""tp_percent"": 2.0, ""sl_percent"": 1.0, ""leverage"": 22}",0.5
dc77f435-9226-4c69-b3bf-bb451cf9742a,DOGEUSDT,SHORT,0.1556,,64.26735218508998,,,,2025-04-15 19:02:04,,aberto,GPT 00,SMA;EMA;RSI;MACD;ADX;Volume;Bollinger;Estocastico;VWAP;OBV;Fibonacci;Sentimento;Swing Trade Composite,"{""EMA12>EMA50"": ""false"", ""RSI Sobrevendido"": ""false"", ""MACD Cruzamento Alta"": ""false"", ""Swing_Trade_Composite_LONG"": ""false"", ""Swing_Trade_Composite_SHORT"": ""true"", ""ML_Confidence"": 0.5}",Ordem gerada com base em indicadores reais,1h,True,"{""tp_percent"": 2.0, ""sl_percent"": 1.0, ""leverage"": 22}",0.5
13963512-948e-48f7-9346-0215d7f20f7b,TRXUSDT,LONG,0.2505,,39.920159680638726,,,,2025-04-15 19:02:49,,aberto,GPT 00,SMA;EMA;RSI;MACD;ADX;Volume;Bollinger;Estocastico;VWAP;OBV;Fibonacci;Sentimento;Swing Trade Composite,"{""EMA12>EMA50"": ""true"", ""RSI Sobrevendido"": ""false"", ""MACD Cruzamento Alta"": ""false"", ""Swing_Trade_Composite_LONG"": ""false"", ""Swing_Trade_Composite_SHORT"": ""true"", ""ML_Confidence"": 0.5}",Ordem gerada com base em indicadores reais,5m,True,"{""tp_percent"": 2.0, ""sl_percent"": 1.0, ""leverage"": 22}",0.5
dc9d2c45-b8ed-4709-9067-4d28dd532046,TRXUSDT,LONG,0.2505,,39.920159680638726,,,,2025-04-15 19:02:51,,aberto,Momentum Fast,EMA;RSI;MACD;Volume,"{""EMA12>EMA50"": ""true"", ""RSI Sobrevendido"": ""false"", ""MACD Cruzamento Alta"": ""false"", ""Swing_Trade_Composite_LONG"": ""false"", ""Swing_Trade_Composite_SHORT"": ""false"", ""ML_Confidence"": 0.7}",Ordem gerada com base em indicadores reais,4h,True,"{""tp_percent"": 0.8, ""sl_percent"": 0.4, ""leverage"": 50}",0.5
6c2da7d2-d843-427b-805d-20e0340d4c51,DOGEUSDT,LONG,0.15544,,64.33350488934637,,,,2025-04-15 19:03:21,,aberto,Swing Alpha,SMA;EMA;ADX;Volume;Bollinger;Estocastico;OBV;Fibonacci;Sentimento;Swing Trade Composite,"{""EMA12>EMA50"": ""true"", ""RSI Sobrevendido"": ""false"", ""MACD Cruzamento Alta"": ""false"", ""Swing_Trade_Composite_LONG"": ""false"", ""Swing_Trade_Composite_SHORT"": ""true"", ""ML_Confidence"": 0.6}",Ordem gerada com base em indicadores reais,1m,True,"{""tp_percent"": 5.0, ""sl_percent"": 2.5, ""leverage"": 8}",0.5
de2f27a9-2435-4e2f-92dd-2e4b44dc3103,DOGEUSDT,SHORT,0.1555,,64.30868167202573,,,,2025-04-15 19:03:59,,aberto,Composite Trend,EMA;RSI;MACD;ADX;VWAP;Swing Trade Composite,"{""EMA12>EMA50"": ""false"", ""RSI Sobrevendido"": ""false"", ""MACD Cruzamento Alta"": ""false"", ""Swing_Trade_Composite_LONG"": ""false"", ""Swing_Trade_Composite_SHORT"": ""true"", ""ML_Confidence"": 0.4}",Ordem gerada com base em indicadores reais,1h,True,"{""tp_percent"": 3.5, ""sl_percent"": 1.5, ""leverage"": 15}",0.5
31e04821-42ce-4d3e-8ef7-860ebd298adf,DOGEUSDT,SHORT,0.1555,,64.30868167202573,,,,2025-04-15 19:08:30,,aberto,Robo 00,SMA;EMA;RSI;MACD;ADX;Volume;Bollinger;Estocastico;VWAP;OBV;Fibonacci;Sentimento;Swing Trade Composite,"{""EMA12>EMA50"": ""false"", ""RSI Sobrevendido"": ""false"", ""MACD Cruzamento Alta"": ""false"", ""Swing_Trade_Composite_LONG"": ""false"", ""Swing_Trade_Composite_SHORT"": ""true"", ""ML_Confidence"": 0.5}",Ordem gerada com base em indicadores reais,1m,True,"{""tp_percent"": 2.0, ""sl_percent"": 1.0, ""leverage"": 22}",0.5
af505afe-dea5-418b-a212-30e9324b426a,DOGEUSDT,SHORT,0.15538,,64.35834727764191,,,,2025-04-15 19:09:12,,aberto,Robo 00,SMA;EMA;RSI;MACD;ADX;Volume;Bollinger;Estocastico;VWAP;OBV;Fibonacci;Sentimento;Swing Trade Composite,"{""EMA12>EMA50"": ""false"", ""RSI Sobrevendido"": ""false"", ""MACD Cruzamento Alta"": ""false"", ""Swing_Trade_Composite_LONG"": ""false"", ""Swing_Trade_Composite_SHORT"": ""true"", ""ML_Confidence"": 0.5}",Ordem gerada com base em indicadores reais,1m,True,"{""tp_percent"": 2.0, ""sl_percent"": 1.0, ""leverage"": 22}",0.5
0c4c501e-0012-441f-a449-3ed67ad1efd7,DOGEUSDT,SHORT,0.15532,,64.38320885912954,,,,2025-04-15 19:09:42,,aberto,ROBOT 1 LEO,SMA;EMA;RSI;MACD;Swing Trade Composite,"{""EMA12>EMA50"": ""false"", ""RSI Sobrevendido"": ""false"", ""MACD Cruzamento Alta"": ""false"", ""Swing_Trade_Composite_LONG"": ""false"", ""Swing_Trade_Composite_SHORT"": ""true"", ""ML_Confidence"": 0.5}",Ordem gerada com base em indicadores reais,1m,True,"{""tp_percent"": 2.0, ""sl_percent"": 1.0, ""leverage"": 22}",0.5
13980b50-0c11-41a4-a0c6-3db68c9ea2ad,TRXUSDT,LONG,0.2507,,39.888312724371765,,,,2025-04-15 19:09:44,,aberto,ROBOT PADRAO 1,SMA;EMA;RSI;MACD;Swing Trade Composite,"{""EMA12>EMA50"": ""true"", ""RSI Sobrevendido"": ""false"", ""MACD Cruzamento Alta"": ""false"", ""Swing_Trade_Composite_LONG"": ""false"", ""Swing_Trade_Composite_SHORT"": ""true"", ""ML_Confidence"": 0.5}",Ordem gerada com base em indicadores reais,4h,True,"{""tp_percent"": 2.0, ""sl_percent"": 1.0, ""leverage"": 22}",0.5
27237a3a-4e9a-4913-aee7-11274a4b7324,DOGEUSDT,SHORT,0.15532,,64.38320885912954,,,,2025-04-15 19:09:46,,aberto,hard,SMA;EMA;RSI;MACD;ADX;Volume;Bollinger;Estocastico;VWAP;OBV;Fibonacci;Sentimento;Swing Trade Composite,"{""EMA12>EMA50"": ""false"", ""RSI Sobrevendido"": ""false"", ""MACD Cruzamento Alta"": ""false"", ""Swing_Trade_Composite_LONG"": ""false"", ""Swing_Trade_Composite_SHORT"": ""true"", ""ML_Confidence"": 0.76}",Ordem gerada com base em indicadores reais,1h,True,"{""tp_percent"": 2.0, ""sl_percent"": 1.0, ""leverage"": 22}",0.5
e50bc334-6572-4afe-9100-cea8e3c9bf4d,TRXUSDT,SHORT,0.2505,,39.920159680638726,,,,2025-04-15 19:10:15,,aberto,only1,SMA;EMA;RSI;MACD;ADX;Volume;Bollinger;Estocastico;VWAP;OBV;Fibonacci;Sentimento;Swing Trade Composite,"{""EMA12>EMA50"": ""false"", ""RSI Sobrevendido"": ""false"", ""MACD Cruzamento Alta"": ""false"", ""Swing_Trade_Composite_LONG"": ""false"", ""Swing_Trade_Composite_SHORT"": ""true"", ""ML_Confidence"": 0.5}",Ordem gerada com base em indicadores reais,1m,True,"{""tp_percent"": 2.0, ""sl_percent"": 1.0, ""leverage"": 22}",0.5
7bf1eed0-b91c-4841-96c9-e379d6888929,XRPUSDT,SHORT,2.11,,4.739336492890995,,,,2025-04-15 19:10:45,,aberto,frouxo,MACD;Volume;Swing Trade Composite,"{""EMA12>EMA50"": ""false"", ""RSI Sobrevendido"": ""false"", ""MACD Cruzamento Alta"": ""false"", ""Swing_Trade_Composite_LONG"": ""false"", ""Swing_Trade_Composite_SHORT"": ""true"", ""ML_Confidence"": 0.3}",Ordem gerada com base em indicadores reais,1m,True,"{""tp_percent"": 2.0, ""sl_percent"": 1.0, ""leverage"": 22}",0.5
426d388f-45a9-4fb3-92f6-d7d60ea47f27,XRPUSDT,SHORT,2.1092,,4.741134079271762,,,,2025-04-15 19:11:16,,aberto,Robo 00,SMA;EMA;RSI;MACD;ADX;Volume;Bollinger;Estocastico;VWAP;OBV;Fibonacci;Sentimento;Swing Trade Composite,"{""EMA12>EMA50"": ""false"", ""RSI Sobrevendido"": ""false"", ""MACD Cruzamento Alta"": ""false"", ""Swing_Trade_Composite_LONG"": ""false"", ""Swing_Trade_Composite_SHORT"": ""true"", ""ML_Confidence"": 0.5}",Ordem gerada com base em indicadores reais,1m,True,"{""tp_percent"": 2.0, ""sl_percent"": 1.0, ""leverage"": 22}",0.5
9147b08d-8cf3-4438-85b9-5386f061409a,XRPUSDT,SHORT,2.1097,,4.740010428022941,,,,2025-04-15 19:11:47,,aberto,ROBOT 1 LEO,SMA;EMA;RSI;MACD;Swing Trade Composite,"{""EMA12>EMA50"": ""false"", ""RSI Sobrevendido"": ""false"", ""MACD Cruzamento Alta"": ""false"", ""Swing_Trade_Composite_LONG"": ""false"", ""Swing_Trade_Composite_SHORT"": ""true"", ""ML_Confidence"": 0.5}",Ordem gerada com base em indicadores reais,1m,True,"{""tp_percent"": 2.0, ""sl_percent"": 1.0, ""leverage"": 22}",0.5
73063a1e-5a4e-41ba-aafc-2d75a78f356e,TRXUSDT,LONG,0.2507,,39.888312724371765,,,,2025-04-15 19:12:25,,aberto,GPT 00,SMA;EMA;RSI;MACD;ADX;Volume;Bollinger;Estocastico;VWAP;OBV;Fibonacci;Sentimento;Swing Trade Composite,"{""EMA12>EMA50"": ""false"", ""RSI Sobrevendido"": ""false"", ""MACD Cruzamento Alta"": ""false"", ""Swing_Trade_Composite_LONG"": ""true"", ""Swing_Trade_Composite_SHORT"": ""false"", ""ML_Confidence"": 0.5}",Ordem gerada com base em indicadores reais,1m,True,"{""tp_percent"": 2.0, ""sl_percent"": 1.0, ""leverage"": 22}",0.5
6fa332a1-cbc1-4915-b648-8b2993aad49d,TRXUSDT,LONG,0.2507,,39.888312724371765,,,,2025-04-15 19:13:02,,aberto,Momentum Fast,EMA;RSI;MACD;Volume,"{""EMA12>EMA50"": ""true"", ""RSI Sobrevendido"": ""false"", ""MACD Cruzamento Alta"": ""false"", ""Swing_Trade_Composite_LONG"": ""false"", ""Swing_Trade_Composite_SHORT"": ""false"", ""ML_Confidence"": 0.7}",Ordem gerada com base em indicadores reais,5m,True,"{""tp_percent"": 0.8, ""sl_percent"": 0.4, ""leverage"": 50}",0.5
1ff8b2a1-2e2c-4754-912d-c64a3f3dee65,TRXUSDT,LONG,0.2507,,39.888312724371765,,,,2025-04-15 19:13:46,,aberto,GPT 00,SMA;EMA;RSI;MACD;ADX;Volume;Bollinger;Estocastico;VWAP;OBV;Fibonacci;Sentimento;Swing Trade Composite,"{""EMA12>EMA50"": ""true"", ""RSI Sobrevendido"": ""false"", ""MACD Cruzamento Alta"": ""false"", ""Swing_Trade_Composite_LONG"": ""true"", ""Swing_Trade_Composite_SHORT"": ""false"", ""ML_Confidence"": 0.5}",Ordem gerada com base em indicadores reais,15m,True,"{""tp_percent"": 2.0, ""sl_percent"": 1.0, ""leverage"": 22}",0.5
a8452084-d81d-412a-92d8-179329aa12a7,DOGEUSDT,LONG,0.15528,,64.39979392065945,,,,2025-04-15 19:14:25,,aberto,Momentum Fast,EMA;RSI;MACD;Volume,"{""EMA12>EMA50"": ""true"", ""RSI Sobrevendido"": ""false"", ""MACD Cruzamento Alta"": ""false"", ""Swing_Trade_Composite_LONG"": ""false"", ""Swing_Trade_Composite_SHORT"": ""false"", ""ML_Confidence"": 0.7}",Ordem gerada com base em indicadores reais,5m,True,"{""tp_percent"": 0.8, ""sl_percent"": 0.4, ""leverage"": 50}",0.5
6640f944-2375-480f-9a6b-3bfef00c679c,DOGEUSDT,SHORT,0.15522,,64.42468754026542,,,,2025-04-15 19:14:33,,aberto,Composite Trend,EMA;RSI;MACD;ADX;VWAP;Swing Trade Composite,"{""EMA12>EMA50"": ""false"", ""RSI Sobrevendido"": ""false"", ""MACD Cruzamento Alta"": ""false"", ""Swing_Trade_Composite_LONG"": ""false"", ""Swing_Trade_Composite_SHORT"": ""true"", ""ML_Confidence"": 0.4}",Ordem gerada com base em indicadores reais,4h,True,"{""tp_percent"": 3.5, ""sl_percent"": 1.5, ""leverage"": 15}",0.5
8989bd89-b8cb-4c4a-987b-1883fca4e96d,DOGEUSDT,SHORT,0.15522,,64.42468754026542,,,,2025-04-15 19:14:51,,aberto,GPT 00,SMA;EMA;RSI;MACD;ADX;Volume;Bollinger;Estocastico;VWAP;OBV;Fibonacci;Sentimento;Swing Trade Composite,"{""EMA12>EMA50"": ""false"", ""RSI Sobrevendido"": ""false"", ""MACD Cruzamento Alta"": ""false"", ""Swing_Trade_Composite_LONG"": ""false"", ""Swing_Trade_Composite_SHORT"": ""true"", ""ML_Confidence"": 0.5}",Ordem gerada com base em indicadores reais,4h,True,"{""tp_percent"": 2.0, ""sl_percent"": 1.0, ""leverage"": 22}",0.5
2bdfabe2-a633-4848-8356-fc66f9d8a27b,TRXUSDT,LONG,0.2507,,39.888312724371765,,,,2025-04-15 19:15:23,,aberto,Momentum Fast,EMA;RSI;MACD;Volume,"{""EMA12>EMA50"": ""true"", ""RSI Sobrevendido"": ""false"", ""MACD Cruzamento Alta"": ""false"", ""Swing_Trade_Composite_LONG"": ""false"", ""Swing_Trade_Composite_SHORT"": ""false"", ""ML_Confidence"": 0.7}",Ordem gerada com base em indicadores reais,1m,True,"{""tp_percent"": 0.8, ""sl_percent"": 0.4, ""leverage"": 50}",0.5
8dff9146-ebc6-40dc-83d7-94a712e4c0ee,TRXUSDT,LONG,0.2507,,39.888312724371765,,,,2025-04-15 19:15:24,,aberto,Swing Alpha,SMA;EMA;ADX;Volume;Bollinger;Estocastico;OBV;Fibonacci;Sentimento;Swing Trade Composite,"{""EMA12>EMA50"": ""false"", ""RSI Sobrevendido"": ""false"", ""MACD Cruzamento Alta"": ""false"", ""Swing_Trade_Composite_LONG"": ""true"", ""Swing_Trade_Composite_SHORT"": ""false"", ""ML_Confidence"": 0.6}",Ordem gerada com base em indicadores reais,1h,True,"{""tp_percent"": 5.0, ""sl_percent"": 2.5, ""leverage"": 8}",0.5
9a44df29-92dd-4c2b-80b3-9268decef241,TRXUSDT,LONG,0.2508,,39.87240829346092,,,,2025-04-15 19:15:36,,aberto,Composite Trend,EMA;RSI;MACD;ADX;VWAP;Swing Trade Composite,"{""EMA12>EMA50"": ""false"", ""RSI Sobrevendido"": ""false"", ""MACD Cruzamento Alta"": ""false"", ""Swing_Trade_Composite_LONG"": ""true"", ""Swing_Trade_Composite_SHORT"": ""false"", ""ML_Confidence"": 0.4}",Ordem gerada com base em indicadores reais,1h,True,"{""tp_percent"": 3.5, ""sl_percent"": 1.5, ""leverage"": 15}",0.5
8380fbb2-e8f2-4245-9361-ed92ddabf633,XRPUSDT,LONG,2.1044,,4.751948298802509,,,,2025-04-15 19:15:41,,aberto,Momentum Fast,EMA;RSI;MACD;Volume,"{""EMA12>EMA50"": ""true"", ""RSI Sobrevendido"": ""false"", ""MACD Cruzamento Alta"": ""false"", ""Swing_Trade_Composite_LONG"": ""false"", ""Swing_Trade_Composite_SHORT"": ""false"", ""ML_Confidence"": 0.7}",Ordem gerada com base em indicadores reais,4h,True,"{""tp_percent"": 0.8, ""sl_percent"": 0.4, ""leverage"": 50}",0.5
745059fe-ea42-45da-b949-0e6e33f9c09e,DOGEUSDT,SHORT,0.15518,,64.44129398118314,,,,2025-04-15 19:16:30,,aberto,Composite Trend,EMA;RSI;MACD;ADX;VWAP;Swing Trade Composite,"{""EMA12>EMA50"": ""false"", ""RSI Sobrevendido"": ""false"", ""MACD Cruzamento Alta"": ""false"", ""Swing_Trade_Composite_LONG"": ""false"", ""Swing_Trade_Composite_SHORT"": ""true"", ""ML_Confidence"": 0.4}",Ordem gerada com base em indicadores reais,1m,True,"{""tp_percent"": 3.5, ""sl_percent"": 1.5, ""leverage"": 15}",0.5
14ec1a0f-2ab4-4786-962a-34a2635dabcc,DOGEUSDT,SHORT,0.15532,,64.38320885912954,,,,2025-04-15 19:17:22,,aberto,Composite Trend,EMA;RSI;MACD;ADX;VWAP;Swing Trade Composite,"{""EMA12>EMA50"": ""false"", ""RSI Sobrevendido"": ""false"", ""MACD Cruzamento Alta"": ""false"", ""Swing_Trade_Composite_LONG"": ""false"", ""Swing_Trade_Composite_SHORT"": ""true"", ""ML_Confidence"": 0.4}",Ordem gerada com base em indicadores reais,5m,True,"{""tp_percent"": 3.5, ""sl_percent"": 1.5, ""leverage"": 15}",0.5
